UserID,FirstName,LastName,Email
1,John,Cruz,john.cruz@email.com
2,Ana,Santos,ana.santos@email.com
3,Mark,Reyes,mark.reyes@email.com
4,Carla,Dizon,carla.dizon@email.com
5,Leo,Torres,leo.torres@email.com
6,Paula,Lim,paula.lim@email.com
7,Ivan,Go,ivan.go@email.com
8,Marie,Chua,marie.chua@email.com
9,Jeremy,Ong,jeremy.ong@email.com
10,Faith,Lao,faith.lao@email.com
11,James,Uy,james.uy@email.com
12,Bianca,Roque,bianca.roque@email.com
13,Noel,Tan,noel.tan@email.com
14,Kaye,Lim,kaye.lim@email.com
15,Oliver,Dee,oliver.dee@email.com
16,Jade,Bautista,jade.bautista@email.com
17,Clark,Mendoza,clark.mendoza@email.com
18,Aria,Cruz,aria.cruz@email.com
19,Mike,Ramos,mike.ramos@email.com
20,Ella,Santos,ella.santos@email.com
21,Liza,Co,liza.co@email.com
22,Jon,Molina,jon.molina@email.com
23,Vee,Lao,vee.lao@email.com
24,Kyle,Yap,kyle.yap@email.com
25,Shane,Peña,shane.pena@email.com
26,Lorna,Reyes,lorna.reyes@email.com
27,Paul,Tan,paul.tan@email.com
28,May,Chua,may.chua@email.com
29,Ryan,Ong,ryan.ong@email.com
30,Trixie,Lim,trixie.lim@email.com
31,Derek,Uy,derek.uy@email.com
32,Vanessa,Co,vanessa.co@email.com
33,Allen,Lim,allen.lim@email.com
34,Kara,Ramos,kara.ramos@email.com
35,Ivan,Tan,ivan.tan@email.com
36,Mia,Santos,mia.santos@email.com
37,Eric,Go,eric.go@email.com
38,Joy,Chua,joy.chua@email.com
39,Sam,Lim,sam.lim@email.com
40,Liza,Uy,liza.uy@email.com
41,Vince,Co,vince.co@email.com
42,Nora,Tan,nora.tan@email.com
43,Ken,Ramos,ken.ramos@email.com
44,Lea,Lao,lea.lao@email.com
45,Alex,Lim,alex.lim@email.com
46,May,Cruz,may.cruz@email.com
47,Ivan,Reyes,ivan.reyes@email.com
48,Aria,Tan,aria.tan@email.com
49,Noel,Santos,noel.santos@email.com
50,Ella,Uy,ella.uy@email.com